,MAE,RMSE,R2,MAPE (%)
KNN,0.20085227033405595,0.4810902459899613,0.9229175244445419,5.699110994877812
SVR,0.2200790451809414,0.46118641945082056,0.9291637485912677,6.050354313396668
MLP,0.24700193566580614,0.40819157698896374,0.9445079680041298,7.053754227398951
DecisionTree,0.2870833287636439,0.8225975050665936,0.7746397445400482,8.345391901876585
Lasso,0.8203917518258095,0.9898491488285716,0.6736823398026094,22.863592288913857
Ridge,0.8204283078511556,0.9898864760943311,0.6736577284247987,22.864992414505608
ElasticNet,0.8204438770810764,0.9901572548840789,0.6734791652186043,22.88216878811578
