,Accuracy,Precision (weighted),Recall (weighted),F1-score (weighted)
MLP,0.9597222222222223,0.960863143522998,0.9597222222222223,0.9597664745118933
SVM,0.9319444444444445,0.9326859729875003,0.9319444444444445,0.9312230168809742
KNN,0.9055555555555556,0.9112386270040057,0.9055555555555556,0.903477775953478
Decision Tree,0.7430555555555556,0.7913252354415462,0.7430555555555556,0.7344147192588507
Naive Bayes,0.65,0.6329992201496085,0.65,0.6269146854611634
Logistic Regression,0.5319444444444444,0.5107325479327596,0.5319444444444444,0.5150606958022383
