,MAE,RMSE,R2,MAPE (%)
SVR,0.11236330935738988,0.29430523852190454,0.9783680396018466,3.1251134279068378
KNN,0.13551136225913513,0.4130796671335331,0.9573845056157149,3.756626472102784
MLP,0.1688369459162156,0.26128773858995524,0.9829494671972067,4.91813252708733
DecisionTree,0.3300822732343659,0.6608173751485903,0.8909406759998209,8.92277941981118
Ridge,1.5441805125524601,1.7428647422218255,0.24137480362789987,47.15090283688716
Lasso,1.5443593046317499,1.7428659475795925,0.24137375430368468,47.157564375483766
ElasticNet,1.5461665451526643,1.7429683429834846,0.2412846113345084,47.22149654425717
