,MAE,RMSE,R2,MAPE (%)
KNN,0.14431818037322072,0.45829889234420557,0.9479914290747901,3.7821598779702015
SVR,0.24289672222854455,0.5168736045753067,0.933847537669973,7.263499456691913
MLP,0.24796131129066148,0.38227784495332084,0.9638144178886087,7.429459992982262
DecisionTree,0.3755503413475761,0.6978055505686966,0.8794280889144388,10.094714110681585
Ridge,1.5348893399039905,1.776115042616994,0.21887688377896353,48.533308591335874
Lasso,1.5351115946968397,1.776045170052491,0.21893834151164382,48.543668295150624
ElasticNet,1.5370250299572945,1.77532869687166,0.21956838951315327,48.626593499419215
